title,link,tags
"[Touyoko Surfrider (Fummy)] Bokutachi wa, Koi o Shitenai Hazu datta | We Are Not in Love, That's What I Thought [English] [DKKMD Translations]",https://nhentai.net//g/335142/,original; sole female; lolicon; sole male; nakadashi; x-ray; multi-work series; twintails; fummy; touyoko surfrider; translated; english; doujinshi; 27
[Koharu Nanakusa] Ikinuki Yaruki (Seme Joshi Shijou Shugi - Seme Joshi Supremacy) [English] [Decensored] [VarKatzas666],https://nhentai.net//g/335080/,big breasts; sole female; sole male; nakadashi; shotacon; swimsuit; bikini; hairy; uncensored; inverted nipples; koharu nanakusa; translated; english; manga; 16
[Nanahoshi Tento] TABOO -Zenpen- (Yarisugi Shoujo no Kowashikata.) [English] [Kafka&Hennojin] [Digital],https://nhentai.net//g/335143/,sole female; sole male; schoolgirl uniform; nakadashi; blowjob; incest; daughter; yandere; nanahoshi tento; translated; english; manga; 25
[studio A (Inanaki Shiki)] Houshi-bu no Iyarashii Ian Ryokou. (Yahari Ore no Seishun Love Come wa Machigatteiru.) [2020-01-25] [English] =Fureta7=,https://nhentai.net//g/335065/,yahari ore no seishun love come wa machigatteiru; hachiman hikigaya; yui yuigahama; yukino yukinoshita; iroha isshiki; group; sole male; nakadashi; blowjob; paizuri; ffm threesome; harem; kimono; rimjob; bisexual; hair buns; inanaki shiki; studio a; translated; english; doujinshi; 35
[Carradine] Loli-Bitch Magic! (COMIC LO 2020-12) [English] {Mistvern + Bigk40k} [Digital],https://nhentai.net//g/335181/,lolicon; stockings; nakadashi; shotacon; blowjob; bondage; ahegao; mosaic censorship; teacher; twintails; exhibitionism; lingerie; unusual pupils; stomach deformation; gloves; blowjob face; low shotacon; domination loss; carradine; translated; english; manga; 20
[Koudansha (Kouda Tomohiro)] Ai Last Boss Hito Matome Plus Soushuuhen 5 (Ar tonelico 2) [Digital],https://nhentai.net//g/335225/,ar tonelico; jacqli; mir; croix bartel; kouda tomohiro; koudansha; japanese; doujinshi; 48
[Nigiri Usagi] ◯miya (THE iDOLM@STER: Shiny Colors) [Chinese] [空中貓製作室 & 不咕鸟汉化组],https://nhentai.net//g/335224/,the idolmaster; kaho komiya; nakadashi; blowjob; netorare; bbm; mind control; kissing; nigiri usagi; translated; chinese; doujinshi; 6
[Koudansha (Kouda Tomohiro)] Momoiro？ Hitomatome Soushuuhen 7 (Ar tonelico) [Digital],https://nhentai.net//g/335223/,ar tonelico; ar tonelico qoga; jacqli; mir; sakia lumei; kouda tomohiro; koudansha; japanese; doujinshi; 52
(Chou Original Dai Doujin Sai) Chou Original Dai Doujin Sai Gasshu En,https://nhentai.net//g/335222/,full color; artbook; melonbooks; mafuyu; hiten; mutou koucha; japanese; doujinshi; 28
[Kouzuki Rio] Imouto Saimin Choukyou Manual | Little Sister Hypnosis Training Manual Ch. 2 [English],https://nhentai.net//g/335221/,sole female; stockings; sole male; schoolgirl uniform; blowjob; rape; incest; sex toys; sister; mind control; condom; emotionless sex; kouzuki rio; translated; english; manga; 40
(C88) [Tamagobou (Kumakiti)] Yamato Dakkan (Kantai Collection -KanColle-) [Chinese],https://nhentai.net//g/335220/,kantai collection; yamato; big breasts; group; stockings; nakadashi; x-ray; netorare; impregnation; collar; bbm; ponytail; mind control; drugs; pasties; kumakiti; tamagobou; translated; chinese; doujinshi; 33
[kumikouj] Sekuhara OK Gakuen ~ Chime Nattara Soku Saimin!?~ | 性騷擾也OK學園～鐘聲一響立即催眠!?～ Ch.1-7 [Chinese],https://nhentai.net//g/335219/,big breasts; schoolgirl uniform; nakadashi; full color; swimsuit; full censorship; teacher; mind control; kumikouj; translated; chinese; manga; 206
[Nrr] Koko ni Oda Bakufu wo Tateyou | Let's Build an Oda Shogunate Here (Fate/Grand Order) [English] [UncontrolSwitchOverflow],https://nhentai.net//g/335218/,fate grand order; nobunaga oda; nobukatsu oda; sole female; sole male; incest; drunk; nrr; translated; english; doujinshi; 6
[サーモンだいすきクラブ (どね)]寝ティティちゃんはちょろい [DL版],https://nhentai.net//g/335217/,original; lolicon; dark skin; collar; kemonomimi; sleeping; dog girl; done; salmon daisuki club; japanese; doujinshi; 31
Scatterd Flower,https://nhentai.net//g/335216/,super sentai; rape; tentacles; corruption; tights; jinnai; japanese; manga; 20
[Hard work (GURUM)] 寝床で失礼します (Fate/Grand Order) [Chinese] [黎欧×新桥月白日语社],https://nhentai.net//g/335215/,fate grand order; gudao | ritsuka fujimaru; shielder | mash kyrielight; sole female; sole male; sleeping; translated; chinese; doujinshi; 28
[Hard work (GURUM)] 寝床で失礼します (Fate/Grand Order),https://nhentai.net//g/335214/,fate grand order; gudao | ritsuka fujimaru; shielder | mash kyrielight; big breasts; sole female; sole male; sleeping; japanese; doujinshi; 24
[Dr.BUG]Angel and Dragon(Hololive),https://nhentai.net//g/335213/,akai haato; amane kanata; kiryu coco; gawr gura; big breasts; nakadashi; futanari; x-ray; big penis; cervix penetration; vtuber; worm; hololive; dr.bug; english; chinese; doujinshi; 43
[Yao] Inma-sama ni Hallelujah! | 赞美淫魔大人! Ch. 1 [Chinese] [拾荒者汉化组] [Digital],https://nhentai.net//g/335212/,anal; glasses; yaoi; males only; full censorship; tail; crotch tattoo; wings; demon; yao.; translated; chinese; manga; 38
[SEM;COLON (Mitsuki Tsumi)] Kimi to Hanabi to Atsui Natsu,https://nhentai.net//g/335211/,original; big breasts; sole female; full color; mosaic censorship; kimono; mitsuki tsumi; mitsu king; sem colon; japanese; doujinshi; 10
[Aisu Hatsudenjyo (Aisu no A)] Ryou Shiro is poor at a request,https://nhentai.net//g/335210/,original; schoolgirl uniform; aisu no a; aisu hatsudenjyo; japanese; doujinshi; 74
Stepmother Friends Ch.42 [English],https://nhentai.net//g/335209/,big breasts; sole male; full color; milf; pantyhose; big ass; mother; harem; prostitution; filming; webtoon; translated; english; manga; 12
(COMIC1☆17) [URAN-FACTORY (URAN)] Ere-chan no Rinkan Maryoku Sakushu (Fate/Grand Order),https://nhentai.net//g/335208/,fate grand order; ereshkigal; gudao | ritsuka fujimaru; group; sole female; anal; double penetration; twintails; uran; uran-factory; japanese; doujinshi; 22
メイドと店主と懐中時計と(Touhou Project) [紫苑汉化组] [Chinese],https://nhentai.net//g/335207/,touhou project; non-h; translated; chinese; doujinshi; 29
[Echo Jiro] Watanabe Yuu (23) xxx Danyu Hajimemashita. | 渡边优（23岁）、开始做xxx男优。1-2  [Chinese] [拾荒者汉化组],https://nhentai.net//g/335206/,anal; yaoi; males only; multi-work series; filming; inverted nipples; echo jiro; translated; chinese; manga; 43
【周五连载】主妇危机（作者：查爾斯&漢水） 第1~28话,https://nhentai.net//g/335205/,big breasts; full color; full censorship; dilf; story arc; webtoon; scanmark; policeman; chinese; manga; 196
【周五连载】渴望:爱火难耐（作者：Appeal&格子17） 第1~17话,https://nhentai.net//g/335204/,big breasts; full color; full censorship; cheating; story arc; webtoon; scanmark; chinese; manga; 145
[Terasu MC] LoveR 6P (LoveR) [ENGLISH] [Netorare Nation],https://nhentai.net//g/335203/,lover; schoolgirl uniform; blowjob; swimsuit; netorare; big penis; out of order; terasu mc; translated; english; doujinshi; 6
Stepmother Friends Ch.41 [English],https://nhentai.net//g/335202/,big breasts; sole male; full color; milf; pantyhose; big ass; mother; harem; prostitution; filming; webtoon; scanmark; translated; english; manga; 12
[Morimiyakan (Morimiya Masayuki)] Morimiyakan Deremasu Hon vol.2 Soushuuhen (THE IDOLM@STER CINDERELLA GIRLS)(Part),https://nhentai.net//g/335201/,the idolmaster; producer; uzuki shimamura; nao kamiya; stockings; blowjob; maid; incomplete; soushuuhen; morimiya masayuki; morimiyakan; japanese; doujinshi; 21
